row,col,filename
0,0,tile_0_0.png
0,1,tile_0_1.png
0,2,tile_0_2.png
0,3,tile_0_3.png
0,4,tile_0_4.png
1,0,tile_1_0.png
1,1,tile_1_1.png
1,2,tile_1_2.png
1,3,tile_1_3.png
1,4,tile_1_4.png
2,0,tile_2_0.png
2,1,tile_2_1.png
2,2,tile_2_2.png
2,3,tile_2_3.png
2,4,tile_2_4.png
3,0,tile_3_0.png
3,1,tile_3_1.png
3,2,tile_3_2.png
3,3,tile_3_3.png
3,4,tile_3_4.png
4,0,tile_4_0.png
4,1,tile_4_1.png
4,2,tile_4_2.png
4,3,tile_4_3.png
4,4,tile_4_4.png
5,0,tile_5_0.png
5,1,tile_5_1.png
5,2,tile_5_2.png
5,3,tile_5_3.png
5,4,tile_5_4.png
6,0,tile_6_0.png
6,1,tile_6_1.png
6,2,tile_6_2.png
6,3,tile_6_3.png
6,4,tile_6_4.png
7,0,tile_7_0.png
7,1,tile_7_1.png
7,2,tile_7_2.png
7,3,tile_7_3.png
7,4,tile_7_4.png
8,0,tile_8_0.png
8,1,tile_8_1.png
8,2,tile_8_2.png
8,3,tile_8_3.png
8,4,tile_8_4.png
9,0,tile_9_0.png
9,1,tile_9_1.png
9,2,tile_9_2.png
9,3,tile_9_3.png
9,4,tile_9_4.png
